agg_level_pseo,inst_level,institution,degree_level,cip_level,cipcode,grad_cohort,grad_cohort_years,geo_level,geography,ind_level,industry,y1_p25_earnings,y1_p50_earnings,y1_p75_earnings,y1_grads_earn,y5_p25_earnings,y5_p50_earnings,y5_p75_earnings,y5_grads_earn,y10_p25_earnings,y10_p50_earnings,y10_p75_earnings,y10_grads_earn,y1_ipeds_count,y5_ipeds_count,y10_ipeds_count,status_y1_earnings,status_y1_grads_earn,status_y5_earnings,status_y5_grads_earn,status_y10_earnings,status_y10_grads_earn,status_y1_ipeds_count,status_y5_ipeds_count,status_y10_ipeds_count
28,S,01,05,2,11,0000,3,N,0,A,0,52298.0,68350.0,81454.0,1716.0,69649.0,85998.0,107199.0,747.0,85496.0,112992.0,148685.0,467.0,2297.0,975.0,687.0,1,1,1.0,1.0,1.0,1.0,1,1,1
28,S,01,07,2,11,0000,5,N,0,A,0,61376.0,79211.0,102284.0,839.0,88912.0,110238.0,134470.0,520.0,110899.0,136083.0,173355.0,243.0,1302.0,755.0,423.0,1,1,1.0,1.0,1.0,1.0,1,1,1
28,S,01,17,2,11,0000,5,N,0,A,0,83618.0,103525.0,132513.0,122.0,93099.0,121214.0,154257.0,99.0,100560.0,119368.0,188514.0,48.0,185.0,120.0,63.0,1,1,1.0,1.0,1.0,1.0,1,1,1
28,S,01,05,2,13,0000,3,N,0,A,0,26614.0,38724.0,47547.0,6667.0,44388.0,52903.0,61184.0,4647.0,50460.0,59632.0,70061.0,2798.0,9821.0,6013.0,3978.0,1,1,1.0,1.0,1.0,1.0,1,1,1
28,S,01,07,2,13,0000,5,N,0,A,0,46809.0,56209.0,64961.0,5440.0,55214.0,63743.0,72983.0,3722.0,59184.0,67286.0,78129.0,1753.0,8244.0,6164.0,3781.0,1,1,1.0,1.0,1.0,1.0,1,1,1
28,S,01,17,2,13,0000,5,N,0,A,0,73427.0,89904.0,110317.0,1032.0,77641.0,96920.0,117918.0,717.0,82010.0,102578.0,128600.0,346.0,1184.0,856.0,469.0,1,1,1.0,1.0,1.0,1.0,1,1,1
28,S,04,05,2,11,0000,3,N,0,A,0,50046.0,68690.0,86600.0,7962.0,76505.0,98181.0,124992.0,3195.0,95027.0,127905.0,176056.0,1897.0,8804.0,3031.0,1679.0,1,1,1.0,1.0,1.0,1.0,4,4,4
28,S,04,07,2,11,0000,5,N,0,A,0,82565.0,109173.0,139906.0,3372.0,115863.0,151252.0,204046.0,1517.0,143122.0,188997.0,274866.0,612.0,4121.0,1910.0,612.0,1,1,1.0,1.0,1.0,1.0,4,4,4
28,S,04,17,2,11,0000,5,N,0,A,0,105392.0,145144.0,204478.0,282.0,135668.0,187824.0,277658.0,161.0,166281.0,231637.0,310458.0,92.0,405.0,250.0,120.0,1,1,1.0,1.0,1.0,1.0,4,4,4
28,S,04,02,2,13,0000,5,N,0,A,0,28869.0,39367.0,48571.0,512.0,40769.0,50298.0,57372.0,310.0,53849.0,59183.0,65967.0,57.0,351.0,121.0,,1,1,1.0,1.0,1.0,1.0,4,4,3
28,S,04,05,2,13,0000,3,N,0,A,0,32657.0,43300.0,52195.0,24808.0,41920.0,51577.0,60173.0,17019.0,47491.0,57898.0,70001.0,12181.0,29295.0,21377.0,17280.0,1,1,1.0,1.0,1.0,1.0,4,4,4
28,S,04,07,2,13,0000,5,N,0,A,0,43732.0,55176.0,67943.0,26409.0,50481.0,62279.0,77349.0,16189.0,57597.0,69305.0,86430.0,8886.0,25030.0,19826.0,11466.0,1,1,1.0,1.0,1.0,1.0,4,4,4
28,S,04,17,2,13,0000,5,N,0,A,0,64274.0,83696.0,106460.0,1528.0,75577.0,94591.0,125564.0,965.0,78970.0,104530.0,140122.0,504.0,1958.0,1467.0,796.0,1,1,1.0,1.0,1.0,1.0,4,4,4
28,S,08,01,2,11,0000,5,N,0,A,0,27970.0,42325.0,62077.0,2829.0,37745.0,56275.0,78120.0,2094.0,41738.0,61990.0,87493.0,717.0,6252.0,3462.0,1165.0,1,1,1.0,1.0,1.0,1.0,4,4,4
28,S,08,02,2,11,0000,5,N,0,A,0,32162.0,44221.0,69094.0,531.0,37355.0,57632.0,81759.0,438.0,39111.0,57498.0,81144.0,364.0,1003.0,930.0,752.0,1,1,1.0,1.0,1.0,1.0,4,1,1
28,S,08,03,2,11,0000,5,N,0,A,0,30880.0,45486.0,62102.0,1572.0,40007.0,58646.0,78504.0,972.0,43097.0,66195.0,92923.0,398.0,2619.0,1390.0,603.0,1,1,1.0,1.0,1.0,1.0,4,4,4
28,S,08,05,2,11,0000,3,N,0,A,0,52128.0,71867.0,91218.0,8774.0,71917.0,94157.0,118993.0,3944.0,88193.0,116581.0,154014.0,2613.0,12005.0,5142.0,3610.0,1,1,1.0,1.0,1.0,1.0,4,4,4
28,S,08,07,2,11,0000,5,N,0,A,0,73683.0,97158.0,126292.0,2460.0,98095.0,123931.0,158542.0,1694.0,111125.0,144695.0,193039.0,1125.0,4382.0,2657.0,1754.0,1,1,1.0,1.0,1.0,1.0,4,1,1
28,S,08,17,2,11,0000,5,N,0,A,0,87535.0,128649.0,170502.0,273.0,126192.0,156446.0,253085.0,177.0,119732.0,193195.0,350360.0,117.0,416.0,267.0,154.0,1,1,1.0,1.0,1.0,1.0,1,1,1
28,S,08,01,2,13,0000,5,N,0,A,0,21913.0,28238.0,36338.0,2045.0,25384.0,34322.0,44054.0,812.0,28393.0,42188.0,62043.0,179.0,3752.0,1421.0,257.0,1,1,1.0,1.0,1.0,1.0,4,4,4
28,S,08,03,2,13,0000,5,N,0,A,0,23017.0,29889.0,37446.0,515.0,25213.0,31934.0,41748.0,302.0,37943.0,55159.0,69411.0,35.0,863.0,422.0,44.0,1,1,1.0,1.0,1.0,1.0,4,4,4
28,S,08,05,2,13,0000,3,N,0,A,0,29093.0,38635.0,46779.0,3442.0,37755.0,49499.0,59803.0,1135.0,44994.0,57949.0,71311.0,716.0,4477.0,1511.0,1025.0,1,1,1.0,1.0,1.0,1.0,4,4,4
28,S,08,07,2,13,0000,5,N,0,A,0,43489.0,54309.0,67033.0,21645.0,49311.0,61671.0,77029.0,15031.0,54777.0,69403.0,86757.0,9534.0,28009.0,19688.0,12923.0,1,1,1.0,1.0,1.0,1.0,4,4,4
28,S,08,17,2,13,0000,5,N,0,A,0,64128.0,83286.0,107014.0,1160.0,74032.0,96945.0,123038.0,838.0,76425.0,98976.0,131704.0,428.0,1741.0,1190.0,720.0,1,1,1.0,1.0,1.0,1.0,1,1,1
28,S,08,18,2,13,0000,5,N,0,A,0,73463.0,96018.0,115543.0,110.0,79255.0,98872.0,140716.0,101.0,64984.0,100434.0,137280.0,95.0,,,,1,1,1.0,1.0,1.0,1.0,3,3,3
28,S,09,01,2,11,0000,5,N,0,A,0,33159.0,47084.0,70175.0,519.0,47194.0,72734.0,103827.0,328.0,58948.0,82016.0,107678.0,125.0,674.0,411.0,119.0,1,1,1.0,1.0,1.0,1.0,4,4,4
28,S,09,03,2,11,0000,5,N,0,A,0,30523.0,46231.0,62060.0,888.0,48141.0,65411.0,85394.0,675.0,57470.0,78646.0,105709.0,349.0,1006.0,620.0,330.0,1,1,1.0,1.0,1.0,1.0,4,4,4
28,S,09,05,2,11,0000,3,N,0,A,0,44246.0,63131.0,81674.0,3886.0,66741.0,88083.0,111707.0,1963.0,76822.0,106615.0,143029.0,1384.0,4544.0,2351.0,1619.0,1,1,1.0,1.0,1.0,1.0,4,4,4
28,S,09,07,2,11,0000,5,N,0,A,0,55181.0,75947.0,100668.0,2001.0,84893.0,105738.0,133789.0,1095.0,98124.0,125512.0,154116.0,387.0,3629.0,1599.0,528.0,1,1,1.0,1.0,1.0,1.0,4,4,4
28,S,09,01,2,13,0000,5,N,0,A,0,23203.0,30037.0,38448.0,97.0,27072.0,32754.0,38941.0,65.0,28929.0,36914.0,74813.0,95.0,79.0,13.0,7.0,1,1,1.0,1.0,1.0,1.0,4,4,4
28,S,09,03,2,13,0000,5,N,0,A,0,21933.0,28746.0,36855.0,1062.0,26224.0,35002.0,42763.0,457.0,28489.0,40684.0,60119.0,112.0,1616.0,819.0,91.0,1,1,1.0,1.0,1.0,1.0,4,4,4
28,S,09,05,2,13,0000,3,N,0,A,0,27049.0,37905.0,51105.0,8097.0,49705.0,61488.0,72339.0,6065.0,58474.0,71436.0,85509.0,4375.0,9989.0,6631.0,4849.0,1,1,1.0,1.0,1.0,1.0,4,4,4
28,S,09,07,2,13,0000,5,N,0,A,0,48621.0,62314.0,76224.0,23966.0,61489.0,74621.0,90844.0,17067.0,72503.0,89815.0,107252.0,9896.0,31318.0,22803.0,12727.0,1,1,1.0,1.0,1.0,1.0,4,4,4
28,S,09,17,2,13,0000,5,N,0,A,0,96350.0,123490.0,159210.0,231.0,103967.0,137081.0,171189.0,132.0,91932.0,136558.0,180573.0,43.0,256.0,141.0,36.0,1,1,1.0,1.0,1.0,1.0,4,4,4
28,S,09,18,2,13,0000,5,N,0,A,0,92166.0,123061.0,151865.0,416.0,107891.0,133771.0,170364.0,216.0,110867.0,152475.0,212231.0,40.0,112.0,79.0,23.0,1,1,1.0,1.0,1.0,1.0,4,4,4
28,S,13,01,2,11,0000,5,N,0,A,0,34287.0,54627.0,72066.0,395.0,37183.0,58379.0,83261.0,208.0,32812.0,59641.0,79169.0,103.0,421.0,174.0,73.0,1,1,1.0,1.0,1.0,1.0,4,4,4
28,S,13,02,2,11,0000,5,N,0,A,0,32311.0,46055.0,62938.0,680.0,45465.0,61213.0,80578.0,686.0,50511.0,68662.0,92083.0,646.0,1126.0,1029.0,1002.0,1,1,1.0,1.0,1.0,1.0,4,4,4
28,S,13,03,2,11,0000,5,N,0,A,0,28781.0,43008.0,62510.0,826.0,39895.0,57761.0,77094.0,887.0,43928.0,65545.0,94295.0,797.0,1113.0,992.0,907.0,1,1,1.0,1.0,1.0,1.0,4,4,4
28,S,13,05,2,11,0000,3,N,0,A,0,42901.0,62274.0,82370.0,24993.0,60760.0,84489.0,110831.0,13535.0,72841.0,105319.0,145001.0,9539.0,27728.0,11795.0,8149.0,1,1,1.0,1.0,1.0,1.0,4,4,4
28,S,13,07,2,11,0000,5,N,0,A,0,77223.0,108400.0,151352.0,11824.0,90866.0,119721.0,165387.0,4956.0,101443.0,137919.0,203257.0,2886.0,13118.0,5172.0,3021.0,1,1,1.0,1.0,1.0,1.0,4,4,4
28,S,13,17,2,11,0000,5,N,0,A,0,98337.0,140716.0,182304.0,886.0,118334.0,159076.0,243304.0,596.0,129734.0,178809.0,291341.0,317.0,1066.0,701.0,378.0,1,1,1.0,1.0,1.0,1.0,1,1,1
28,S,13,01,2,13,0000,5,N,0,A,0,22958.0,32003.0,47119.0,208.0,33837.0,43474.0,75704.0,79.0,29806.0,41196.0,47303.0,30.0,351.0,102.0,9.0,1,1,1.0,1.0,1.0,1.0,4,4,4
28,S,13,05,2,13,0000,3,N,0,A,0,30400.0,40632.0,47807.0,46654.0,43361.0,51140.0,58263.0,36130.0,49630.0,58923.0,68213.0,25871.0,49597.0,34470.0,25415.0,1,1,1.0,1.0,1.0,1.0,4,4,4
28,S,13,07,2,13,0000,5,N,0,A,0,47887.0,56330.0,64716.0,47822.0,54652.0,63664.0,73779.0,32879.0,60325.0,70393.0,82261.0,20511.0,47764.0,33397.0,20214.0,1,1,1.0,1.0,1.0,1.0,4,4,4
28,S,13,17,2,13,0000,5,N,0,A,0,73832.0,89675.0,108458.0,4396.0,79941.0,96251.0,116656.0,2722.0,82200.0,99714.0,121796.0,1379.0,5084.0,3386.0,1992.0,1,1,1.0,1.0,1.0,1.0,4,4,4
28,S,15,02,2,11,0000,5,N,0,A,0,20656.0,29624.0,44355.0,604.0,36178.0,52385.0,70820.0,408.0,43027.0,67160.0,84946.0,83.0,715.0,124.0,8.0,1,1,1.0,1.0,1.0,1.0,4,4,4
28,S,15,03,2,11,0000,5,N,0,A,0,24352.0,34624.0,48498.0,474.0,40790.0,54244.0,76807.0,282.0,45394.0,59641.0,79824.0,93.0,1063.0,440.0,158.0,1,1,1.0,1.0,1.0,1.0,1,1,1
28,S,15,05,2,11,0000,3,N,0,A,0,32262.0,46472.0,61603.0,712.0,54925.0,70815.0,94954.0,415.0,65922.0,90570.0,124969.0,296.0,1232.0,698.0,517.0,1,1,1.0,1.0,1.0,1.0,1,1,1
28,S,15,07,2,11,0000,5,N,0,A,0,37609.0,75407.0,104629.0,90.0,61366.0,78970.0,109804.0,56.0,75407.0,127370.0,185338.0,30.0,127.0,80.0,40.0,1,1,1.0,1.0,1.0,1.0,1,1,1
28,S,15,02,2,13,0000,5,N,0,A,0,23641.0,32650.0,43647.0,625.0,34177.0,44775.0,61195.0,269.0,38767.0,54156.0,113788.0,55.0,169.0,46.0,6.0,1,1,1.0,1.0,1.0,1.0,4,4,4
28,S,15,03,2,13,0000,5,N,0,A,0,21518.0,29819.0,39113.0,641.0,30594.0,40219.0,54566.0,534.0,36203.0,44578.0,60079.0,187.0,1335.0,814.0,277.0,1,1,1.0,1.0,1.0,1.0,4,4,4
28,S,15,05,2,13,0000,3,N,0,A,0,42062.0,53924.0,57918.0,2458.0,51954.0,59413.0,65688.0,1688.0,59597.0,67603.0,75725.0,1131.0,3786.0,2661.0,1940.0,1,1,1.0,1.0,1.0,1.0,4,4,4
28,S,15,07,2,13,0000,5,N,0,A,0,55703.0,65148.0,76518.0,3062.0,61556.0,71581.0,85040.0,1968.0,71108.0,82894.0,99727.0,1032.0,4016.0,2859.0,1530.0,1,1,1.0,1.0,1.0,1.0,1,1,1
28,S,15,17,2,13,0000,5,N,0,A,0,67150.0,84519.0,101744.0,253.0,78011.0,98045.0,113130.0,157.0,88703.0,105732.0,125369.0,51.0,351.0,228.0,76.0,1,1,1.0,1.0,1.0,1.0,1,1,1
28,S,17,01,2,11,0000,5,N,0,A,0,26909.0,40527.0,59431.0,8537.0,38375.0,55999.0,79389.0,7041.0,43945.0,66676.0,95632.0,3014.0,19818.0,14660.0,8373.0,1,1,1.0,1.0,1.0,1.0,4,4,4
28,S,17,02,2,11,0000,5,N,0,A,0,27101.0,39910.0,54890.0,1285.0,37911.0,53192.0,70320.0,883.0,38700.0,58980.0,82677.0,497.0,2974.0,2153.0,1361.0,1,1,1.0,1.0,1.0,1.0,4,4,4
28,S,17,03,2,11,0000,5,N,0,A,0,27507.0,39033.0,54798.0,5827.0,37026.0,52890.0,72670.0,4514.0,43723.0,65112.0,93820.0,2458.0,11910.0,8690.0,5664.0,1,1,1.0,1.0,1.0,1.0,4,4,4
28,S,17,05,2,11,0000,3,N,0,A,0,44421.0,64009.0,83910.0,20413.0,63419.0,86590.0,111574.0,12971.0,76701.0,108054.0,146306.0,10134.0,23120.0,12913.0,10190.0,1,1,1.0,1.0,1.0,1.0,4,4,4
28,S,17,07,2,11,0000,5,N,0,A,0,63490.0,85776.0,116817.0,15047.0,90514.0,113922.0,145981.0,10282.0,106984.0,136130.0,178918.0,6702.0,19427.0,11204.0,7531.0,1,1,1.0,1.0,1.0,1.0,4,4,1
28,S,17,17,2,11,0000,5,N,0,A,0,104315.0,153350.0,215117.0,831.0,146233.0,204804.0,345978.0,514.0,159021.0,231051.0,424770.0,236.0,963.0,636.0,305.0,1,1,1.0,1.0,1.0,1.0,4,4,1
28,S,17,01,2,13,0000,5,N,0,A,0,23062.0,30349.0,45382.0,758.0,24786.0,30994.0,37658.0,594.0,29113.0,36773.0,46942.0,285.0,1079.0,790.0,295.0,1,1,1.0,1.0,1.0,1.0,4,4,1
28,S,17,02,2,13,0000,5,N,0,A,0,19862.0,27192.0,40082.0,310.0,22187.0,30080.0,41515.0,223.0,22139.0,27379.0,31079.0,80.0,667.0,538.0,390.0,1,1,1.0,1.0,1.0,1.0,4,4,4
28,S,17,03,2,13,0000,5,N,0,A,0,21971.0,27755.0,33554.0,1041.0,24873.0,31712.0,38971.0,810.0,28473.0,36846.0,47781.0,436.0,1990.0,1469.0,686.0,1,1,1.0,1.0,1.0,1.0,4,4,4
28,S,17,05,2,13,0000,3,N,0,A,0,29353.0,41023.0,51589.0,61841.0,43400.0,53710.0,65060.0,50439.0,49527.0,62406.0,78823.0,39817.0,82797.0,66470.0,56311.0,1,1,1.0,1.0,1.0,1.0,4,4,4
28,S,17,07,2,13,0000,5,N,0,A,0,53880.0,65794.0,81217.0,101661.0,60473.0,74718.0,93907.0,79004.0,66483.0,83375.0,103768.0,49914.0,114784.0,93370.0,62193.0,1,1,1.0,1.0,1.0,1.0,4,4,1
28,S,17,17,2,13,0000,5,N,0,A,0,75097.0,101671.0,136612.0,4939.0,82058.0,108449.0,145995.0,3016.0,82020.0,112154.0,151478.0,1367.0,6243.0,4046.0,2203.0,1,1,1.0,1.0,1.0,1.0,4,4,1
28,S,17,18,2,13,0000,5,N,0,A,0,100434.0,134370.0,165913.0,507.0,111461.0,145812.0,183606.0,274.0,119940.0,161585.0,204524.0,105.0,,,,1,1,1.0,1.0,1.0,1.0,3,3,3
28,S,18,01,2,11,0000,5,N,0,A,0,27502.0,39279.0,53852.0,2527.0,36148.0,49321.0,66230.0,1495.0,45294.0,67275.0,96208.0,203.0,2877.0,1438.0,53.0,1,1,1.0,1.0,1.0,1.0,4,4,4
28,S,18,02,2,11,0000,5,N,0,A,0,25112.0,35988.0,48969.0,2455.0,34411.0,48457.0,63447.0,1755.0,34478.0,53849.0,77728.0,395.0,3410.0,1820.0,110.0,1,1,1.0,1.0,1.0,1.0,4,4,4
28,S,18,03,2,11,0000,5,N,0,A,0,27550.0,38846.0,52891.0,7287.0,38005.0,53304.0,72372.0,6971.0,44870.0,65732.0,94047.0,4506.0,6733.0,4186.0,1309.0,1,1,1.0,1.0,1.0,1.0,4,4,4
28,S,18,05,2,11,0000,3,N,0,A,0,43575.0,61268.0,80396.0,17265.0,60452.0,81843.0,106769.0,9890.0,72388.0,102199.0,142425.0,7073.0,19743.0,8301.0,4988.0,1,1,1.0,1.0,1.0,1.0,4,4,4
28,S,18,07,2,11,0000,5,N,0,A,0,61110.0,82562.0,112019.0,3611.0,87461.0,114810.0,161024.0,2323.0,100012.0,138660.0,203337.0,1134.0,5952.0,2987.0,1273.0,1,1,1.0,1.0,1.0,1.0,4,4,4
28,S,18,17,2,11,0000,5,N,0,A,0,95145.0,146570.0,209226.0,514.0,117136.0,168927.0,287465.0,269.0,135783.0,184183.0,344873.0,89.0,756.0,445.0,225.0,1,1,1.0,1.0,1.0,1.0,1,1,1
28,S,18,02,2,13,0000,5,N,0,A,0,20035.0,25426.0,31636.0,1373.0,23941.0,30585.0,38945.0,736.0,22638.0,28873.0,36591.0,138.0,2113.0,834.0,15.0,1,1,1.0,1.0,1.0,1.0,4,4,4
28,S,18,03,2,13,0000,5,N,0,A,0,19439.0,25459.0,32700.0,3602.0,24611.0,33260.0,43471.0,2897.0,27498.0,37518.0,47980.0,1331.0,5476.0,2770.0,649.0,1,1,1.0,1.0,1.0,1.0,4,4,4
28,S,18,05,2,13,0000,3,N,0,A,0,27239.0,37542.0,46841.0,40216.0,39990.0,48593.0,58158.0,31799.0,45113.0,55275.0,69777.0,23591.0,61207.0,48323.0,39454.0,1,1,1.0,1.0,1.0,1.0,4,4,4
28,S,18,07,2,13,0000,5,N,0,A,0,45134.0,56325.0,69772.0,29707.0,53200.0,65695.0,81921.0,19647.0,59956.0,73497.0,92414.0,11363.0,59714.0,36802.0,16646.0,1,1,1.0,1.0,1.0,1.0,1,1,1
28,S,18,17,2,13,0000,5,N,0,A,0,64394.0,82528.0,111333.0,2407.0,74071.0,94162.0,120395.0,1701.0,79144.0,103804.0,134460.0,1032.0,3689.0,2575.0,1778.0,1,1,1.0,1.0,1.0,1.0,4,4,1
28,S,19,01,2,11,0000,5,N,0,A,0,26714.0,39615.0,53658.0,1074.0,36828.0,53472.0,70877.0,631.0,46666.0,64444.0,87733.0,301.0,2109.0,1053.0,434.0,1,1,1.0,1.0,1.0,1.0,4,4,4
28,S,19,02,2,11,0000,5,N,0,A,0,22940.0,31580.0,42365.0,749.0,31049.0,44976.0,57784.0,653.0,34742.0,51295.0,68785.0,515.0,1238.0,805.0,577.0,1,1,1.0,1.0,1.0,1.0,4,4,4
28,S,19,03,2,11,0000,5,N,0,A,0,28598.0,40379.0,53091.0,4378.0,40105.0,53834.0,69427.0,3610.0,47250.0,65129.0,87145.0,2588.0,6534.0,4944.0,3282.0,1,1,1.0,1.0,1.0,1.0,4,4,4
28,S,19,05,2,11,0000,3,N,0,A,0,44039.0,59998.0,74697.0,5525.0,65077.0,83717.0,105087.0,3692.0,81720.0,107749.0,136635.0,2895.0,4513.0,2210.0,1705.0,1,1,1.0,1.0,1.0,1.0,4,4,4
28,S,19,07,2,11,0000,5,N,0,A,0,65940.0,88452.0,121868.0,755.0,90300.0,116608.0,156064.0,573.0,106533.0,139203.0,204750.0,439.0,1766.0,1014.0,690.0,1,1,1.0,1.0,1.0,1.0,1,1,1
28,S,19,17,2,11,0000,5,N,0,A,0,79842.0,104929.0,150476.0,219.0,110294.0,137153.0,183100.0,139.0,131370.0,170364.0,251493.0,62.0,244.0,175.0,95.0,1,1,1.0,1.0,1.0,1.0,1,1,1
28,S,19,05,2,13,0000,3,N,0,A,0,26229.0,35952.0,45988.0,17920.0,43030.0,51487.0,59380.0,13257.0,50014.0,59975.0,70611.0,10096.0,20855.0,15513.0,12882.0,1,1,1.0,1.0,1.0,1.0,4,4,4
28,S,19,07,2,13,0000,5,N,0,A,0,46604.0,57683.0,70992.0,6341.0,55524.0,68200.0,84470.0,4821.0,63614.0,78413.0,97244.0,3086.0,7993.0,6156.0,4266.0,1,1,1.0,1.0,1.0,1.0,1,1,1
28,S,19,17,2,13,0000,5,N,0,A,0,62987.0,81418.0,102741.0,1358.0,76737.0,96179.0,121769.0,1058.0,80049.0,106615.0,135555.0,598.0,1671.0,1353.0,934.0,1,1,1.0,1.0,1.0,1.0,4,4,1
28,S,22,02,2,11,0000,5,N,0,A,0,21681.0,29721.0,39917.0,957.0,28217.0,41173.0,53646.0,516.0,29228.0,55627.0,90721.0,92.0,1909.0,1094.0,146.0,1,1,1.0,1.0,1.0,1.0,4,4,4
28,S,22,03,2,11,0000,5,N,0,A,0,23888.0,33671.0,45933.0,1842.0,32589.0,46508.0,64826.0,1489.0,39169.0,53755.0,76234.0,890.0,3292.0,2224.0,1391.0,1,1,1.0,1.0,1.0,1.0,4,1,1
28,S,22,05,2,11,0000,3,N,0,A,0,35076.0,51740.0,67087.0,5429.0,49901.0,70455.0,93236.0,3618.0,58373.0,86639.0,119686.0,3048.0,7900.0,4952.0,4140.0,1,1,1.0,1.0,1.0,1.0,4,1,1
28,S,22,07,2,11,0000,5,N,0,A,0,50434.0,68989.0,88757.0,1615.0,82774.0,104733.0,131681.0,1514.0,103851.0,133640.0,173520.0,1056.0,2918.0,2151.0,1494.0,1,1,1.0,1.0,1.0,1.0,1,1,1
28,S,22,17,2,11,0000,5,N,0,A,0,63317.0,90033.0,128546.0,221.0,82016.0,112755.0,158916.0,206.0,116445.0,144636.0,199385.0,85.0,330.0,246.0,142.0,1,1,1.0,1.0,1.0,1.0,1,1,1
28,S,22,03,2,13,0000,5,N,0,A,0,21230.0,28009.0,37524.0,1013.0,26252.0,34566.0,49998.0,1115.0,26533.0,35373.0,50081.0,883.0,1834.0,1695.0,1442.0,1,1,1.0,1.0,1.0,1.0,4,4,4
28,S,22,05,2,13,0000,3,N,0,A,0,29921.0,41027.0,48173.0,21483.0,44246.0,51110.0,59998.0,18019.0,47089.0,54443.0,66824.0,14435.0,33562.0,25536.0,20756.0,1,1,1.0,1.0,1.0,1.0,4,4,4
28,S,22,07,2,13,0000,5,N,0,A,0,43987.0,52244.0,61093.0,18746.0,50709.0,59312.0,70888.0,14308.0,55048.0,64590.0,78127.0,9289.0,24789.0,19289.0,13143.0,1,1,1.0,1.0,1.0,1.0,1,1,1
28,S,22,17,2,13,0000,5,N,0,A,0,60692.0,75407.0,93813.0,1373.0,70291.0,86660.0,110186.0,964.0,68637.0,91821.0,118609.0,579.0,1772.0,1284.0,793.0,1,1,1.0,1.0,1.0,1.0,1,1,1
28,S,23,02,2,11,0000,5,N,0,A,0,24832.0,36048.0,48411.0,108.0,27379.0,41535.0,60867.0,88.0,32407.0,55861.0,80166.0,49.0,68.0,11.0,,1,1,1.0,1.0,1.0,1.0,4,4,3
28,S,23,03,2,11,0000,5,N,0,A,0,25392.0,35327.0,47005.0,1092.0,33507.0,46848.0,63915.0,813.0,37884.0,56763.0,75704.0,354.0,1012.0,388.0,131.0,1,1,1.0,1.0,1.0,1.0,4,4,4
28,S,23,05,2,11,0000,3,N,0,A,0,40234.0,54935.0,72962.0,701.0,53838.0,72373.0,94492.0,543.0,59322.0,86478.0,116652.0,383.0,767.0,548.0,405.0,1,1,1.0,1.0,1.0,1.0,4,4,4
28,S,23,07,2,11,0000,5,N,0,A,0,57404.0,73762.0,95262.0,107.0,95451.0,124258.0,146825.0,65.0,82955.0,135371.0,164692.0,30.0,117.0,81.0,41.0,1,1,1.0,1.0,1.0,1.0,4,4,4
28,S,23,03,2,13,0000,5,N,0,A,0,20141.0,25300.0,31247.0,1151.0,23633.0,29963.0,37230.0,823.0,26884.0,33740.0,40977.0,377.0,1214.0,577.0,282.0,1,1,1.0,1.0,1.0,1.0,4,4,4
28,S,23,05,2,13,0000,3,N,0,A,0,25532.0,33683.0,42091.0,4477.0,34751.0,42744.0,51745.0,3862.0,39992.0,49868.0,61342.0,2829.0,7668.0,6670.0,5468.0,1,1,1.0,1.0,1.0,1.0,4,4,4
28,S,23,07,2,13,0000,5,N,0,A,0,42949.0,51759.0,63532.0,4550.0,48618.0,59438.0,74036.0,3057.0,55722.0,68357.0,84490.0,1576.0,5247.0,3740.0,2043.0,1,1,1.0,1.0,1.0,1.0,4,4,4
28,S,25,05,2,11,0000,3,N,0,A,0,52369.0,73807.0,94735.0,4449.0,76249.0,102615.0,134181.0,2544.0,93967.0,131337.0,182861.0,985.0,5539.0,2956.0,1175.0,1,1,1.0,1.0,1.0,1.0,4,4,4
28,S,25,05,2,13,0000,3,N,0,A,0,27087.0,36469.0,48616.0,7057.0,42351.0,58385.0,69625.0,4729.0,53645.0,70216.0,84009.0,2098.0,7888.0,4938.0,2284.0,1,1,1.0,1.0,1.0,1.0,4,4,4
28,S,26,05,2,11,0000,3,N,0,A,0,66778.0,90606.0,122069.0,3752.0,92070.0,129925.0,196002.0,2200.0,113113.0,153251.0,229615.0,913.0,4946.0,2854.0,1291.0,1,1,1.0,1.0,1.0,1.0,4,4,4
28,S,26,07,2,11,0000,5,N,0,A,0,49985.0,74652.0,104101.0,1771.0,60228.0,90023.0,138340.0,1239.0,72985.0,100985.0,167135.0,497.0,2571.0,1655.0,752.0,1,1,1.0,1.0,1.0,1.0,1,1,1
28,S,26,17,2,11,0000,5,N,0,A,0,63113.0,90181.0,128369.0,83.0,95370.0,122036.0,162707.0,58.0,67791.0,127370.0,172634.0,30.0,95.0,64.0,27.0,1,1,1.0,1.0,1.0,1.0,1,1,1
28,S,26,05,2,13,0000,3,N,0,A,0,30828.0,43339.0,53290.0,1532.0,46665.0,57431.0,70516.0,1362.0,53204.0,68639.0,86689.0,785.0,2080.0,1857.0,1247.0,1,1,1.0,1.0,1.0,1.0,4,1,4
28,S,26,07,2,13,0000,5,N,0,A,0,38205.0,51308.0,64285.0,2460.0,50786.0,64311.0,80794.0,1851.0,59584.0,76969.0,99524.0,1157.0,3314.0,2433.0,1604.0,1,1,1.0,1.0,1.0,1.0,1,1,1
28,S,26,17,2,13,0000,5,N,0,A,0,59774.0,75916.0,94465.0,390.0,81095.0,96018.0,117918.0,328.0,91965.0,112011.0,141903.0,227.0,549.0,437.0,303.0,1,1,1.0,1.0,1.0,1.0,1,1,1
28,S,27,01,2,11,0000,5,N,0,A,0,31354.0,46201.0,64412.0,2181.0,43638.0,61882.0,83497.0,1345.0,55329.0,76397.0,102681.0,453.0,2783.0,1820.0,587.0,1,1,1.0,1.0,1.0,1.0,4,4,4
28,S,27,02,2,11,0000,5,N,0,A,0,28665.0,42108.0,56027.0,811.0,38128.0,53488.0,67610.0,480.0,48411.0,70114.0,89208.0,236.0,850.0,436.0,127.0,1,1,1.0,1.0,1.0,1.0,4,4,4
28,S,27,03,2,11,0000,5,N,0,A,0,32077.0,43752.0,57664.0,5556.0,45815.0,60896.0,79182.0,3706.0,55610.0,76042.0,99860.0,1291.0,7603.0,4272.0,1316.0,1,1,1.0,1.0,1.0,1.0,4,4,4
28,S,27,05,2,11,0000,3,N,0,A,0,50234.0,68243.0,83112.0,11599.0,73289.0,94767.0,117841.0,4915.0,91823.0,119582.0,154173.0,2672.0,14560.0,5711.0,3224.0,1,1,1.0,1.0,1.0,1.0,4,4,4
28,S,27,07,2,11,0000,5,N,0,A,0,73145.0,96710.0,126945.0,3199.0,97751.0,126879.0,163901.0,1742.0,118434.0,150018.0,208069.0,792.0,4208.0,2290.0,1099.0,1,1,1.0,1.0,1.0,1.0,4,4,4
28,S,27,17,2,11,0000,5,N,0,A,0,102475.0,144160.0,188950.0,291.0,135007.0,171232.0,235043.0,187.0,153411.0,212514.0,290925.0,63.0,362.0,231.0,99.0,1,1,1.0,1.0,1.0,1.0,1,1,1
28,S,27,01,2,13,0000,5,N,0,A,0,22460.0,31306.0,42756.0,1342.0,37442.0,51201.0,61409.0,978.0,42510.0,63762.0,79520.0,340.0,2176.0,1319.0,404.0,1,1,1.0,1.0,1.0,1.0,4,4,4
28,S,27,03,2,13,0000,5,N,0,A,0,21454.0,26586.0,33215.0,1307.0,26868.0,35721.0,46580.0,868.0,31367.0,42929.0,54119.0,269.0,2198.0,1223.0,413.0,1,1,1.0,1.0,1.0,1.0,4,4,4
28,S,27,05,2,13,0000,3,N,0,A,0,27765.0,38499.0,47888.0,27373.0,43413.0,51924.0,60276.0,18004.0,50901.0,62242.0,75318.0,11685.0,35784.0,22326.0,15375.0,1,1,1.0,1.0,1.0,1.0,4,4,4
28,S,27,07,2,13,0000,5,N,0,A,0,52677.0,62386.0,73040.0,34761.0,60278.0,71896.0,84735.0,21320.0,68967.0,83375.0,96212.0,9695.0,41415.0,26992.0,13703.0,1,1,1.0,1.0,1.0,1.0,4,4,1
28,S,27,17,2,13,0000,5,N,0,A,0,73032.0,94472.0,123342.0,1722.0,81125.0,103545.0,133331.0,1029.0,81596.0,107082.0,137957.0,337.0,2274.0,1445.0,633.0,1,1,1.0,1.0,1.0,1.0,4,4,4
28,S,29,02,2,11,0000,5,N,0,A,0,25145.0,37161.0,52770.0,761.0,42127.0,54816.0,72342.0,425.0,46042.0,65359.0,96500.0,114.0,996.0,405.0,40.0,1,1,1.0,1.0,1.0,1.0,4,4,4
28,S,29,03,2,11,0000,5,N,0,A,0,27694.0,38501.0,51786.0,3035.0,36426.0,50872.0,68159.0,2044.0,46299.0,62617.0,86672.0,824.0,3965.0,2325.0,868.0,1,1,1.0,1.0,1.0,1.0,4,4,4
28,S,29,05,2,11,0000,3,N,0,A,0,43000.0,60182.0,73208.0,7489.0,59013.0,80927.0,101158.0,3830.0,72812.0,102741.0,136175.0,2475.0,10162.0,5251.0,3804.0,1,1,1.0,1.0,1.0,1.0,4,4,4
28,S,29,07,2,11,0000,5,N,0,A,0,54084.0,71484.0,88866.0,5812.0,89861.0,107258.0,129274.0,2872.0,112882.0,139296.0,178696.0,675.0,10082.0,3236.0,860.0,1,1,1.0,1.0,1.0,1.0,4,1,1
28,S,29,03,2,13,0000,5,N,0,A,0,16764.0,21726.0,27804.0,1953.0,30291.0,38875.0,45967.0,2427.0,36788.0,45113.0,53547.0,642.0,5442.0,3149.0,669.0,1,1,1.0,1.0,1.0,1.0,4,4,4
28,S,29,05,2,13,0000,3,N,0,A,0,26183.0,35719.0,43796.0,25913.0,38765.0,46374.0,53978.0,18183.0,43326.0,52499.0,63131.0,12316.0,36840.0,26015.0,19577.0,1,1,1.0,1.0,1.0,1.0,4,1,1
28,S,29,07,2,13,0000,5,N,0,A,0,41352.0,50300.0,59498.0,22625.0,47376.0,56921.0,68838.0,14649.0,52761.0,64446.0,79376.0,6707.0,26617.0,17931.0,8564.0,1,1,1.0,1.0,1.0,1.0,1,1,1
28,S,29,17,2,13,0000,5,N,0,A,0,62009.0,79000.0,104585.0,1573.0,72552.0,94302.0,120715.0,893.0,77010.0,101705.0,129832.0,382.0,1830.0,1150.0,533.0,1,1,1.0,1.0,1.0,1.0,1,1,1
28,S,30,03,2,11,0000,5,N,0,A,0,27206.0,37739.0,50846.0,1112.0,39026.0,52742.0,68717.0,967.0,45590.0,61692.0,79151.0,532.0,1443.0,1079.0,593.0,1,1,1.0,1.0,1.0,1.0,4,4,4
28,S,30,05,2,11,0000,3,N,0,A,0,42225.0,59807.0,78436.0,1146.0,61895.0,80252.0,108567.0,770.0,73466.0,95937.0,138165.0,565.0,1632.0,1004.0,812.0,1,1,1.0,1.0,1.0,1.0,4,4,4
28,S,30,07,2,11,0000,5,N,0,A,0,58167.0,78970.0,97134.0,196.0,77367.0,104554.0,138845.0,179.0,76655.0,115825.0,152135.0,115.0,312.0,235.0,159.0,1,1,1.0,1.0,1.0,1.0,1,1,1
28,S,30,03,2,13,0000,5,N,0,A,0,20838.0,26189.0,32715.0,549.0,25943.0,35049.0,43610.0,378.0,26991.0,39273.0,53533.0,235.0,913.0,575.0,380.0,1,1,1.0,1.0,1.0,1.0,4,4,4
28,S,30,05,2,13,0000,3,N,0,A,0,24966.0,33736.0,42339.0,8020.0,38395.0,46422.0,55159.0,5902.0,44560.0,55673.0,66607.0,4464.0,9867.0,7134.0,5672.0,1,1,1.0,1.0,1.0,1.0,4,4,4
28,S,30,07,2,13,0000,5,N,0,A,0,45019.0,56248.0,68607.0,5234.0,53786.0,65149.0,78886.0,3669.0,60784.0,74084.0,87542.0,2107.0,6363.0,4713.0,2926.0,1,1,1.0,1.0,1.0,1.0,4,4,4
28,S,30,17,2,13,0000,5,N,0,A,0,65591.0,83054.0,103049.0,311.0,68601.0,89208.0,114522.0,194.0,76655.0,96549.0,130703.0,95.0,395.0,299.0,199.0,1,1,1.0,1.0,1.0,1.0,1,1,1
28,S,36,02,2,11,0000,5,N,0,A,0,27986.0,42378.0,58594.0,907.0,36395.0,54391.0,82088.0,816.0,43386.0,57966.0,83211.0,434.0,1281.0,870.0,559.0,1,1,1.0,1.0,1.0,1.0,4,4,4
28,S,36,03,2,11,0000,5,N,0,A,0,23583.0,35272.0,51978.0,14756.0,38410.0,54928.0,75369.0,14336.0,48448.0,70065.0,97593.0,9645.0,27808.0,17875.0,11807.0,1,1,1.0,1.0,1.0,1.0,4,4,4
28,S,36,05,2,11,0000,3,N,0,A,0,36764.0,54771.0,76191.0,26757.0,59473.0,81516.0,108858.0,16430.0,72354.0,102347.0,141122.0,12869.0,34954.0,17668.0,13279.0,1,1,1.0,1.0,1.0,1.0,4,4,4
28,S,36,07,2,11,0000,5,N,0,A,0,56837.0,84415.0,119011.0,8474.0,74938.0,108534.0,153344.0,5609.0,87673.0,130391.0,189820.0,3619.0,16100.0,10438.0,6591.0,1,1,1.0,1.0,1.0,1.0,4,4,4
28,S,36,17,2,11,0000,5,N,0,A,0,103335.0,137861.0,186487.0,716.0,118692.0,160311.0,246793.0,493.0,112384.0,165827.0,294450.0,278.0,1049.0,707.0,435.0,1,1,1.0,1.0,1.0,1.0,1,1,1
28,S,36,02,2,13,0000,5,N,0,A,0,18587.0,24605.0,31483.0,1255.0,23750.0,31711.0,44463.0,1418.0,28249.0,41647.0,58787.0,839.0,2734.0,2091.0,1100.0,1,1,1.0,1.0,1.0,1.0,4,4,1
28,S,36,03,2,13,0000,5,N,0,A,0,22496.0,30556.0,40553.0,4981.0,29454.0,39597.0,51668.0,4555.0,35167.0,48226.0,66135.0,2878.0,9658.0,7118.0,4598.0,1,1,1.0,1.0,1.0,1.0,4,4,4
28,S,36,05,2,13,0000,3,N,0,A,0,24288.0,34432.0,49303.0,48092.0,43519.0,57778.0,75368.0,42332.0,52104.0,66809.0,90076.0,33337.0,72568.0,56139.0,45692.0,1,1,1.0,1.0,1.0,1.0,4,4,4
28,S,36,07,2,13,0000,5,N,0,A,0,47343.0,65955.0,84299.0,93750.0,57159.0,76404.0,100122.0,70782.0,64763.0,86785.0,113971.0,46418.0,119111.0,95911.0,67198.0,1,1,1.0,1.0,1.0,1.0,4,4,4
28,S,36,17,2,13,0000,5,N,0,A,0,68887.0,89273.0,121146.0,892.0,76199.0,95895.0,128293.0,620.0,85860.0,107950.0,139930.0,331.0,1314.0,951.0,627.0,1,1,1.0,1.0,1.0,1.0,1,1,1
28,S,39,01,2,11,0000,5,N,0,A,0,26937.0,39467.0,55603.0,3911.0,35543.0,51374.0,70564.0,2368.0,39308.0,59658.0,84324.0,1092.0,5364.0,3038.0,1232.0,1,1,1.0,1.0,1.0,1.0,4,4,4
28,S,39,02,2,11,0000,5,N,0,A,0,28006.0,40731.0,59456.0,1141.0,41166.0,58167.0,80699.0,642.0,43814.0,60459.0,92126.0,304.0,1710.0,974.0,524.0,1,1,1.0,1.0,1.0,1.0,4,4,4
28,S,39,03,2,11,0000,5,N,0,A,0,27626.0,38819.0,52949.0,12268.0,38185.0,52852.0,71149.0,10062.0,44900.0,63238.0,87924.0,5659.0,16333.0,11989.0,7124.0,1,1,1.0,1.0,1.0,1.0,4,4,4
28,S,39,05,2,11,0000,3,N,0,A,0,42035.0,57568.0,73341.0,13549.0,58312.0,77962.0,99919.0,8505.0,73871.0,100951.0,133024.0,6379.0,18110.0,11122.0,8758.0,1,1,1.0,1.0,1.0,1.0,4,4,4
28,S,39,07,2,11,0000,5,N,0,A,0,56664.0,74536.0,94880.0,4401.0,84865.0,105871.0,132965.0,2789.0,102934.0,131517.0,178092.0,1567.0,8293.0,4091.0,2510.0,1,1,1.0,1.0,1.0,1.0,1,1,1
28,S,39,17,2,11,0000,5,N,0,A,0,86052.0,119919.0,146729.0,180.0,111398.0,140181.0,191935.0,153.0,132970.0,186750.0,300323.0,134.0,250.0,213.0,183.0,1,1,1.0,1.0,1.0,1.0,1,1,1
28,S,39,01,2,13,0000,5,N,0,A,0,19837.0,26069.0,34468.0,476.0,24330.0,32812.0,49144.0,431.0,26513.0,37781.0,52642.0,202.0,961.0,726.0,432.0,1,1,1.0,1.0,1.0,1.0,4,4,4
28,S,39,02,2,13,0000,5,N,0,A,0,23649.0,32824.0,44483.0,617.0,30258.0,42909.0,61616.0,410.0,33612.0,45417.0,63030.0,174.0,1016.0,527.0,208.0,1,1,1.0,1.0,1.0,1.0,4,4,1
28,S,39,03,2,13,0000,5,N,0,A,0,19608.0,25552.0,32322.0,5560.0,24383.0,32246.0,42382.0,4783.0,28425.0,39545.0,53170.0,2949.0,7569.0,5555.0,3487.0,1,1,1.0,1.0,1.0,1.0,4,4,4
28,S,39,05,2,13,0000,3,N,0,A,0,24959.0,34960.0,45127.0,56916.0,39579.0,49845.0,59212.0,46358.0,47734.0,60020.0,72119.0,35519.0,77099.0,58874.0,48307.0,1,1,1.0,1.0,1.0,1.0,4,4,4
28,S,39,07,2,13,0000,5,N,0,A,0,43644.0,55087.0,68230.0,49335.0,53256.0,64964.0,78852.0,39470.0,62119.0,75933.0,89760.0,25911.0,61435.0,50630.0,35331.0,1,1,1.0,1.0,1.0,1.0,1,1,1
28,S,39,17,2,13,0000,5,N,0,A,0,60975.0,78361.0,99666.0,4134.0,69570.0,88731.0,110949.0,2981.0,74902.0,96964.0,123369.0,1726.0,5352.0,4037.0,2750.0,1,1,1.0,1.0,1.0,1.0,4,4,1
28,S,40,05,2,11,0000,3,N,0,A,0,41197.0,56792.0,72370.0,2237.0,58102.0,80000.0,103128.0,1291.0,67553.0,91479.0,125226.0,379.0,3175.0,1816.0,764.0,1,1,1.0,1.0,1.0,1.0,4,1,1
28,S,40,05,2,13,0000,3,N,0,A,0,28685.0,37628.0,42993.0,7980.0,39747.0,45531.0,53151.0,5018.0,42098.0,49305.0,59446.0,1670.0,12125.0,8666.0,4568.0,1,1,1.0,1.0,1.0,1.0,4,1,1
28,S,41,01,2,11,0000,5,N,0,A,0,27249.0,40000.0,53664.0,1365.0,36750.0,53373.0,74664.0,841.0,56446.0,76680.0,95494.0,131.0,2571.0,1358.0,166.0,1,1,1.0,1.0,1.0,1.0,4,4,4
28,S,41,02,2,11,0000,5,N,0,A,0,28254.0,40074.0,51916.0,617.0,35116.0,52742.0,73724.0,445.0,38010.0,58808.0,70223.0,87.0,999.0,539.0,126.0,1,1,1.0,1.0,1.0,1.0,4,4,4
28,S,41,03,2,11,0000,5,N,0,A,0,29949.0,42254.0,56570.0,2507.0,40990.0,59328.0,78284.0,1650.0,47849.0,71161.0,99500.0,466.0,3695.0,1837.0,448.0,1,1,1.0,1.0,1.0,1.0,4,4,4
28,S,41,05,2,11,0000,3,N,0,A,0,50317.0,71788.0,94490.0,7182.0,67301.0,91268.0,118547.0,3338.0,79477.0,111656.0,153814.0,2371.0,9716.0,4268.0,3108.0,1,1,1.0,1.0,1.0,1.0,4,4,4
28,S,41,07,2,11,0000,5,N,0,A,0,69947.0,95001.0,120419.0,1280.0,97487.0,125748.0,157197.0,922.0,112547.0,149064.0,194504.0,624.0,1919.0,1205.0,806.0,1,1,1.0,1.0,1.0,1.0,1,1,1
28,S,41,17,2,11,0000,5,N,0,A,0,108408.0,142403.0,179478.0,185.0,126192.0,159399.0,239960.0,125.0,196362.0,239089.0,391407.0,49.0,249.0,147.0,76.0,1,1,1.0,1.0,1.0,1.0,4,4,4
28,S,41,01,2,13,0000,5,N,0,A,0,19671.0,25828.0,33818.0,546.0,23807.0,31798.0,40747.0,292.0,25742.0,35899.0,47119.0,48.0,942.0,461.0,77.0,1,1,1.0,1.0,1.0,1.0,4,4,4
28,S,41,02,2,13,0000,5,N,0,A,0,20539.0,26475.0,34877.0,414.0,23285.0,29910.0,39118.0,244.0,26470.0,35239.0,44748.0,66.0,679.0,380.0,147.0,1,1,1.0,1.0,1.0,1.0,4,4,4
28,S,41,03,2,13,0000,5,N,0,A,0,21474.0,28156.0,36413.0,913.0,24453.0,33039.0,42692.0,614.0,30352.0,42956.0,57665.0,265.0,1622.0,854.0,334.0,1,1,1.0,1.0,1.0,1.0,4,4,4
28,S,41,05,2,13,0000,3,N,0,A,0,25340.0,35800.0,46143.0,6555.0,40281.0,51121.0,59177.0,5280.0,48477.0,61343.0,71623.0,4132.0,8665.0,5916.0,4838.0,1,1,1.0,1.0,1.0,1.0,4,4,4
28,S,41,07,2,13,0000,5,N,0,A,0,40878.0,52348.0,62014.0,20905.0,50451.0,61243.0,72244.0,15748.0,57993.0,70876.0,84093.0,10458.0,25158.0,19634.0,13787.0,1,1,1.0,1.0,1.0,1.0,1,1,1
28,S,41,17,2,13,0000,5,N,0,A,0,71320.0,91029.0,114669.0,928.0,76710.0,97812.0,128478.0,647.0,79255.0,106412.0,144687.0,311.0,1160.0,825.0,515.0,1,1,1.0,1.0,1.0,1.0,1,1,1
28,S,42,03,2,11,0000,5,N,0,A,0,29477.0,41302.0,59194.0,721.0,43640.0,59103.0,80962.0,926.0,50563.0,68601.0,91479.0,602.0,1229.0,1229.0,925.0,1,1,1.0,1.0,1.0,1.0,4,4,4
28,S,42,05,2,11,0000,3,N,0,A,0,47629.0,64660.0,78628.0,11729.0,66867.0,87477.0,112089.0,8771.0,83574.0,115632.0,155389.0,6421.0,14335.0,10429.0,7767.0,1,1,1.0,1.0,1.0,1.0,4,4,4
28,S,42,07,2,11,0000,5,N,0,A,0,77545.0,100258.0,125821.0,436.0,105505.0,136206.0,184238.0,471.0,111929.0,154185.0,224402.0,236.0,674.0,674.0,399.0,1,1,1.0,1.0,1.0,1.0,4,4,1
28,S,42,17,2,11,0000,5,N,0,A,0,103186.0,130424.0,164507.0,314.0,124400.0,166960.0,248361.0,307.0,138772.0,218162.0,317242.0,135.0,399.0,399.0,202.0,1,1,1.0,1.0,1.0,1.0,4,4,4
28,S,42,05,2,13,0000,3,N,0,A,0,27307.0,39319.0,53216.0,8150.0,45224.0,56212.0,67682.0,7542.0,51192.0,63610.0,77974.0,5704.0,11515.0,10271.0,8589.0,1,1,1.0,1.0,1.0,1.0,4,4,4
28,S,42,07,2,13,0000,5,N,0,A,0,50453.0,62650.0,76334.0,5036.0,58889.0,71854.0,88681.0,4884.0,67578.0,83125.0,100892.0,3327.0,7081.0,7081.0,5125.0,1,1,1.0,1.0,1.0,1.0,4,4,4
28,S,42,17,2,13,0000,5,N,0,A,0,60465.0,76347.0,95585.0,793.0,75279.0,91523.0,114494.0,739.0,82955.0,103914.0,128902.0,440.0,1307.0,1307.0,899.0,1,1,1.0,1.0,1.0,1.0,4,4,1
28,S,44,05,2,11,0000,3,N,0,A,0,55674.0,71195.0,83175.0,313.0,74516.0,95262.0,126569.0,156.0,90830.0,119368.0,162045.0,76.0,324.0,189.0,96.0,1,1,1.0,1.0,1.0,1.0,4,4,4
28,S,44,05,2,13,0000,3,N,0,A,0,32783.0,45754.0,56607.0,623.0,59370.0,67980.0,77545.0,416.0,65900.0,80660.0,95079.0,208.0,786.0,443.0,235.0,1,1,1.0,1.0,1.0,1.0,4,4,4
28,S,45,01,2,11,0000,5,N,0,A,0,26926.0,38782.0,53150.0,3737.0,35809.0,49224.0,67165.0,3412.0,39707.0,56406.0,77287.0,2162.0,7065.0,5813.0,4061.0,1,1,1.0,1.0,1.0,1.0,4,4,1
28,S,45,02,2,11,0000,5,N,0,A,0,30674.0,38493.0,46903.0,43.0,34309.0,39406.0,52420.0,53.0,28489.0,36395.0,55359.0,32.0,78.0,78.0,78.0,1,1,1.0,1.0,1.0,1.0,1,1,1
28,S,45,03,2,11,0000,5,N,0,A,0,27851.0,38712.0,51947.0,5575.0,36475.0,50699.0,67265.0,4557.0,42840.0,58346.0,80401.0,2840.0,8158.0,6006.0,3827.0,1,1,1.0,1.0,1.0,1.0,1,1,1
28,S,45,05,2,11,0000,3,N,0,A,0,37853.0,55218.0,73252.0,7731.0,53269.0,74852.0,96814.0,4677.0,63274.0,93402.0,126815.0,3493.0,10653.0,6139.0,4746.0,1,1,1.0,1.0,1.0,1.0,4,4,4
28,S,45,07,2,11,0000,5,N,0,A,0,64487.0,85265.0,107495.0,888.0,87713.0,116425.0,147956.0,658.0,104187.0,137508.0,185130.0,434.0,1410.0,913.0,564.0,1,1,1.0,1.0,1.0,1.0,1,1,1
28,S,45,05,2,13,0000,3,N,0,A,0,30857.0,39508.0,44489.0,27121.0,40578.0,46732.0,52957.0,20675.0,46054.0,53699.0,62634.0,15328.0,34624.0,25870.0,20914.0,1,1,1.0,1.0,1.0,1.0,4,4,1
28,S,45,07,2,13,0000,5,N,0,A,0,46100.0,53080.0,62546.0,28078.0,51442.0,59403.0,71034.0,20800.0,57195.0,65925.0,77664.0,13248.0,31331.0,24658.0,16997.0,1,1,1.0,1.0,1.0,1.0,1,1,1
28,S,45,17,2,13,0000,5,N,0,A,0,72029.0,88564.0,106402.0,1759.0,79735.0,95937.0,115841.0,1165.0,81928.0,100728.0,124512.0,642.0,1964.0,1361.0,850.0,1,1,1.0,1.0,1.0,1.0,1,1,1
28,S,46,02,2,11,0000,5,N,0,A,0,26600.0,36365.0,47748.0,1304.0,39018.0,50029.0,62364.0,1084.0,45696.0,59445.0,77356.0,786.0,212.0,46.0,,1,1,1.0,1.0,1.0,1.0,4,4,3
28,S,46,03,2,11,0000,5,N,0,A,0,30789.0,40327.0,50846.0,1990.0,39830.0,51536.0,65176.0,1569.0,43970.0,58695.0,76712.0,1097.0,1870.0,1297.0,707.0,1,1,1.0,1.0,1.0,1.0,4,4,4
28,S,46,05,2,11,0000,3,N,0,A,0,38703.0,53439.0,69238.0,2671.0,55159.0,70841.0,91158.0,1643.0,64812.0,87918.0,115167.0,1225.0,3349.0,1895.0,1466.0,1,1,1.0,1.0,1.0,1.0,4,4,4
28,S,46,07,2,11,0000,5,N,0,A,0,59713.0,80074.0,105806.0,1045.0,78403.0,102092.0,129887.0,666.0,91857.0,115976.0,151406.0,353.0,1380.0,806.0,472.0,1,1,1.0,1.0,1.0,1.0,4,1,1
28,S,46,01,2,13,0000,5,N,0,A,0,32754.0,41351.0,50129.0,99.0,43240.0,50298.0,57328.0,72.0,47119.0,52540.0,56914.0,37.0,,,,1,1,1.0,1.0,1.0,1.0,3,3,3
28,S,46,02,2,13,0000,5,N,0,A,0,31888.0,41737.0,48883.0,130.0,37478.0,45575.0,52420.0,116.0,49747.0,58330.0,69682.0,112.0,9.0,9.0,3.0,1,1,1.0,1.0,1.0,1.0,4,4,4
28,S,46,05,2,13,0000,3,N,0,A,0,27261.0,38428.0,46184.0,7740.0,40200.0,47644.0,55622.0,5546.0,45411.0,53521.0,64046.0,4125.0,9666.0,6601.0,5210.0,1,1,1.0,1.0,1.0,1.0,1,1,1
28,S,46,07,2,13,0000,5,N,0,A,0,45685.0,54104.0,66753.0,4970.0,51538.0,61318.0,76099.0,3788.0,56203.0,67991.0,84748.0,2400.0,5449.0,3900.0,2617.0,1,1,1.0,1.0,1.0,1.0,1,1,1
28,S,46,17,2,13,0000,5,N,0,A,0,63742.0,81702.0,108379.0,578.0,70675.0,90211.0,115382.0,437.0,73518.0,87925.0,118864.0,251.0,766.0,607.0,433.0,1,1,1.0,1.0,1.0,1.0,1,1,1
28,S,48,01,2,11,0000,5,N,0,A,0,26501.0,39914.0,57917.0,14132.0,31891.0,48819.0,71289.0,12051.0,38432.0,58014.0,84411.0,6264.0,19663.0,12764.0,7135.0,1,1,1.0,1.0,1.0,1.0,4,4,4
28,S,48,02,2,11,0000,5,N,0,A,0,27391.0,39235.0,52489.0,1173.0,35335.0,48115.0,63472.0,611.0,46124.0,57819.0,87013.0,323.0,8485.0,4469.0,2547.0,1,1,1.0,1.0,1.0,1.0,4,4,4
28,S,48,03,2,11,0000,5,N,0,A,0,27386.0,39449.0,55549.0,17275.0,36932.0,52836.0,72937.0,13878.0,43563.0,62327.0,88541.0,9147.0,27064.0,17288.0,11143.0,1,1,1.0,1.0,1.0,1.0,4,4,4
28,S,48,05,2,11,0000,3,N,0,A,0,45267.0,65812.0,86284.0,35251.0,66436.0,90337.0,117793.0,18167.0,82231.0,114658.0,155098.0,12484.0,46165.0,21614.0,15782.0,1,1,1.0,1.0,1.0,1.0,4,4,4
28,S,48,07,2,11,0000,5,N,0,A,0,62108.0,82760.0,108454.0,22252.0,88657.0,113781.0,148079.0,14065.0,105177.0,139273.0,185234.0,7472.0,34186.0,18369.0,9733.0,1,1,1.0,1.0,1.0,1.0,4,4,4
28,S,48,17,2,11,0000,5,N,0,A,0,85787.0,123917.0,173906.0,1459.0,104699.0,147177.0,208871.0,1041.0,122350.0,166615.0,238342.0,541.0,1952.0,1339.0,735.0,1,1,1.0,1.0,1.0,1.0,4,4,4
28,S,48,01,2,13,0000,5,N,0,A,0,21359.0,27736.0,35817.0,528.0,25656.0,33493.0,49852.0,579.0,27421.0,39917.0,62364.0,542.0,261.0,256.0,254.0,1,1,1.0,1.0,1.0,1.0,4,4,4
28,S,48,02,2,13,0000,5,N,0,A,0,19747.0,26151.0,33000.0,151.0,24005.0,34661.0,49302.0,144.0,29460.0,41535.0,56001.0,76.0,827.0,567.0,380.0,1,1,1.0,1.0,1.0,1.0,4,4,4
28,S,48,03,2,13,0000,5,N,0,A,0,19110.0,25444.0,34342.0,16376.0,31165.0,46724.0,59230.0,18251.0,39057.0,54272.0,64448.0,10323.0,34918.0,21427.0,11050.0,1,1,1.0,1.0,1.0,1.0,4,4,4
28,S,48,07,2,13,0000,5,N,0,A,0,54120.0,64631.0,75428.0,118663.0,59943.0,70584.0,83460.0,83061.0,64710.0,75852.0,91361.0,47413.0,132750.0,94510.0,56405.0,1,1,1.0,1.0,1.0,1.0,4,4,4
28,S,48,17,2,13,0000,5,N,0,A,0,70658.0,89030.0,112172.0,9442.0,77051.0,97245.0,124623.0,6310.0,78488.0,103103.0,135617.0,3214.0,11088.0,7602.0,4440.0,1,1,1.0,1.0,1.0,1.0,4,1,1
28,S,49,05,2,11,0000,3,N,0,A,0,49381.0,67159.0,85754.0,6657.0,72227.0,95580.0,124507.0,2342.0,83973.0,113716.0,160964.0,864.0,8242.0,2977.0,1187.0,1,1,1.0,1.0,1.0,1.0,4,4,4
28,S,49,05,2,13,0000,3,N,0,A,0,29646.0,40422.0,49952.0,10796.0,41945.0,51881.0,60461.0,5028.0,51274.0,63842.0,75339.0,1944.0,14865.0,8111.0,3881.0,1,1,1.0,1.0,1.0,1.0,1,1,1
28,S,51,01,2,11,0000,5,N,0,A,0,29294.0,43863.0,65063.0,1521.0,37153.0,57529.0,86079.0,898.0,45610.0,57030.0,67701.0,47.0,2659.0,1369.0,17.0,1,1,1.0,1.0,1.0,1.0,4,4,4
28,S,51,02,2,11,0000,5,N,0,A,0,24105.0,36643.0,52801.0,122.0,35745.0,54317.0,71573.0,134.0,36503.0,84282.0,105732.0,50.0,252.0,189.0,52.0,1,1,1.0,1.0,1.0,1.0,4,4,4
28,S,51,03,2,11,0000,5,N,0,A,0,26454.0,40684.0,62625.0,6650.0,43823.0,65493.0,90989.0,4808.0,54720.0,86231.0,127095.0,1699.0,11940.0,6196.0,2034.0,1,1,1.0,1.0,1.0,1.0,4,4,4
28,S,51,05,2,11,0000,3,N,0,A,0,48255.0,67731.0,86740.0,22790.0,69920.0,93630.0,121230.0,13080.0,85023.0,119390.0,159393.0,9247.0,29824.0,15950.0,11522.0,1,1,1.0,1.0,1.0,1.0,4,4,4
28,S,51,07,2,11,0000,5,N,0,A,0,74652.0,99599.0,133043.0,7783.0,100221.0,129992.0,169112.0,4875.0,121287.0,156145.0,212156.0,2535.0,10543.0,6435.0,3466.0,1,1,1.0,1.0,1.0,1.0,4,4,4
28,S,51,17,2,11,0000,5,N,0,A,0,92853.0,131419.0,179526.0,707.0,125146.0,160721.0,231396.0,414.0,145171.0,185776.0,242599.0,145.0,846.0,506.0,205.0,1,1,1.0,1.0,1.0,1.0,4,4,4
28,S,51,02,2,13,0000,5,N,0,A,0,19692.0,26988.0,38039.0,516.0,24646.0,33928.0,49776.0,512.0,23069.0,31399.0,41255.0,371.0,948.0,864.0,801.0,1,1,1.0,1.0,1.0,1.0,1,1,1
28,S,51,03,2,13,0000,5,N,0,A,0,20033.0,26369.0,34555.0,1460.0,23441.0,30506.0,41496.0,1281.0,24730.0,33398.0,47246.0,993.0,2837.0,2089.0,1662.0,1,1,1.0,1.0,1.0,1.0,1,1,1
28,S,51,05,2,13,0000,3,N,0,A,0,24637.0,34786.0,47389.0,16305.0,38990.0,50958.0,64625.0,11341.0,45605.0,58763.0,77360.0,7862.0,24969.0,14523.0,10176.0,1,1,1.0,1.0,1.0,1.0,4,4,4
28,S,51,07,2,13,0000,5,N,0,A,0,45583.0,56399.0,69208.0,69096.0,51345.0,62134.0,76440.0,46319.0,55555.0,68234.0,85990.0,24684.0,84572.0,59006.0,33392.0,1,1,1.0,1.0,1.0,1.0,4,4,4
28,S,51,17,2,13,0000,5,N,0,A,0,60685.0,78564.0,101079.0,7648.0,71593.0,89882.0,114876.0,4235.0,80325.0,105022.0,134157.0,1394.0,6482.0,3780.0,1752.0,1,1,1.0,1.0,1.0,1.0,4,4,4
28,S,54,02,2,11,0000,5,N,0,A,0,27182.0,37883.0,53540.0,377.0,37069.0,50997.0,74657.0,346.0,34877.0,46422.0,64860.0,120.0,650.0,395.0,101.0,1,1,1.0,1.0,1.0,1.0,4,4,4
28,S,54,03,2,11,0000,5,N,0,A,0,24336.0,34919.0,48015.0,1023.0,36023.0,49335.0,67283.0,786.0,39530.0,59154.0,83826.0,386.0,1402.0,759.0,254.0,1,1,1.0,1.0,1.0,1.0,4,4,4
28,S,54,05,2,11,0000,3,N,0,A,0,36557.0,54151.0,70806.0,1488.0,58102.0,79464.0,102231.0,1095.0,73005.0,101184.0,133069.0,786.0,2007.0,1215.0,912.0,1,1,1.0,1.0,1.0,1.0,4,4,4
28,S,54,07,2,11,0000,5,N,0,A,0,53278.0,69839.0,92308.0,665.0,73032.0,97470.0,126409.0,520.0,87120.0,119972.0,155011.0,362.0,1052.0,692.0,481.0,1,1,1.0,1.0,1.0,1.0,1,1,1
28,S,54,03,2,13,0000,5,N,0,A,0,17275.0,22805.0,29583.0,230.0,24865.0,34084.0,45015.0,310.0,31030.0,45049.0,57966.0,158.0,686.0,402.0,137.0,1,1,1.0,1.0,1.0,1.0,4,4,1
28,S,54,05,2,13,0000,3,N,0,A,0,24454.0,34102.0,42231.0,7230.0,40898.0,46875.0,53035.0,6378.0,46525.0,52931.0,63039.0,5056.0,10437.0,8225.0,6814.0,1,1,1.0,1.0,1.0,1.0,4,4,4
28,S,54,07,2,13,0000,5,N,0,A,0,41529.0,50001.0,57651.0,14157.0,49740.0,56446.0,66061.0,11129.0,54635.0,62552.0,75857.0,7022.0,17328.0,13595.0,9179.0,1,1,1.0,1.0,1.0,1.0,4,4,4
28,S,54,17,2,13,0000,5,N,0,A,0,65134.0,81806.0,100678.0,466.0,72098.0,90222.0,112263.0,358.0,75838.0,97480.0,125997.0,258.0,542.0,439.0,380.0,1,1,1.0,1.0,1.0,1.0,1,1,1
28,S,54,18,2,13,0000,5,N,0,A,0,65007.0,81422.0,104072.0,196.0,75193.0,91479.0,115064.0,147.0,54457.0,86274.0,116179.0,41.0,233.0,169.0,42.0,1,1,1.0,1.0,1.0,1.0,1,1,1
28,S,55,05,2,11,0000,3,N,0,A,0,44463.0,61267.0,75846.0,10967.0,63219.0,82088.0,102874.0,6346.0,77225.0,102560.0,134297.0,4565.0,15724.0,8288.0,6126.0,1,1,1.0,1.0,1.0,1.0,4,4,4
28,S,55,07,2,11,0000,5,N,0,A,0,75524.0,111686.0,157092.0,1485.0,97480.0,136984.0,214867.0,968.0,108261.0,164117.0,246460.0,556.0,2356.0,1376.0,822.0,1,1,1.0,1.0,1.0,1.0,1,1,1
28,S,55,17,2,11,0000,5,N,0,A,0,122249.0,157413.0,220919.0,282.0,149269.0,205808.0,334475.0,217.0,154747.0,234518.0,389003.0,125.0,401.0,262.0,154.0,1,1,1.0,1.0,1.0,1.0,1,1,1
28,S,55,05,2,13,0000,3,N,0,A,0,26884.0,36899.0,46666.0,34199.0,42911.0,50830.0,58351.0,25800.0,48375.0,57428.0,68650.0,19590.0,45460.0,33185.0,26443.0,1,1,1.0,1.0,1.0,1.0,1,1,1
28,S,55,07,2,13,0000,5,N,0,A,0,49667.0,59290.0,70287.0,20127.0,56502.0,67334.0,79038.0,15387.0,62235.0,73732.0,86337.0,10977.0,24014.0,18942.0,14055.0,1,1,1.0,1.0,1.0,1.0,1,1,1
28,S,55,17,2,13,0000,5,N,0,A,0,64644.0,82955.0,108577.0,1004.0,75226.0,92716.0,119845.0,844.0,80827.0,103107.0,133275.0,529.0,1484.0,1160.0,765.0,1,1,1.0,1.0,1.0,1.0,1,1,1
28,S,56,02,2,11,0000,5,N,0,A,0,29817.0,40596.0,56113.0,298.0,39406.0,51752.0,68061.0,224.0,52019.0,76358.0,95532.0,131.0,352.0,301.0,181.0,1,1,1.0,1.0,1.0,1.0,4,4,4
28,S,56,03,2,11,0000,5,N,0,A,0,27980.0,40106.0,53807.0,538.0,42692.0,57748.0,75184.0,532.0,48411.0,71424.0,89608.0,348.0,854.0,614.0,441.0,1,1,1.0,1.0,1.0,1.0,4,4,4
28,S,56,05,2,11,0000,3,N,0,A,0,46657.0,61854.0,75893.0,293.0,65822.0,84594.0,104723.0,130.0,81958.0,106085.0,138578.0,69.0,382.0,145.0,78.0,1,1,1.0,1.0,1.0,1.0,1,1,1
28,S,56,02,2,13,0000,5,N,0,A,0,31030.0,47303.0,67675.0,130.0,37262.0,54457.0,70763.0,118.0,60492.0,71682.0,89350.0,91.0,1.0,1.0,,1,1,1.0,1.0,1.0,1.0,4,4,3
28,S,56,03,2,13,0000,5,N,0,A,0,18366.0,24888.0,32559.0,1649.0,28790.0,43102.0,56291.0,2208.0,36919.0,54179.0,64921.0,1359.0,4005.0,3007.0,1821.0,1,1,1.0,1.0,1.0,1.0,4,4,4
28,S,56,05,2,13,0000,3,N,0,A,0,33876.0,47152.0,56296.0,2767.0,45948.0,56367.0,64289.0,1763.0,52038.0,61623.0,70907.0,1124.0,3382.0,2218.0,1522.0,1,1,1.0,1.0,1.0,1.0,1,1,1
28,S,56,07,2,13,0000,5,N,0,A,0,54220.0,65921.0,77656.0,1092.0,61087.0,72844.0,84579.0,682.0,65883.0,77667.0,92841.0,259.0,1314.0,886.0,407.0,1,1,1.0,1.0,1.0,1.0,1,1,1
28,S,56,17,2,13,0000,5,N,0,A,0,60608.0,77783.0,107725.0,260.0,68895.0,85444.0,112992.0,128.0,66980.0,86938.0,114267.0,44.0,308.0,187.0,87.0,1,1,1.0,1.0,1.0,1.0,1,1,1
